{"RuleTriggered": 22, "Violations": 22, "Details": {"algo-1": {"cpu": {"p25": 12.76, "p50": 13.245, "p75": 13.8875, "p95": 31.066749999999974, "upper": 15.57875, "lower": 11.068750000000001}, "gpu0": {"p25": 14.0, "p50": 16.0, "p75": 16.0, "p95": 16.0, "upper": 18.0, "lower": 11.0}, "gpu0_memory": {"p25": 7.0, "p50": 8.0, "p75": 8.0, "p95": 8.0, "upper": -1.0, "lower": 16.0}}, "last_timestamp": 1734261300000000}, "Datapoints": 3593, "RuleParameters": "cpu_threshold_p95:70\ngpu_threshold_p95:70\ngpu_memory_threshold_p95:70\npatience:1000\nwindow:500"}