{"RuleTriggered": 0, "Violations": 73, "Details": {"low_gpu_utilization": 351, "bottlenecks": {"1734261306.001879": {"GPUs": 1, "CPUs": 1}, "1734261306.502032": {"GPUs": 1, "CPUs": 1}, "1734261307.001333": {"GPUs": 1, "CPUs": 2}, "1734261309.00194": {"GPUs": 1, "CPUs": 2}, "1734261312.002306": {"GPUs": 1, "CPUs": 1}, "1734261313.002201": {"GPUs": 1, "CPUs": 2}, "1734261313.501825": {"GPUs": 1, "CPUs": 1}, "1734261314.002194": {"GPUs": 1, "CPUs": 3}, "1734261323.501225": {"GPUs": 1, "CPUs": 1}, "1734261324.005819": {"GPUs": 1, "CPUs": 1}, "1734261325.00242": {"GPUs": 1, "CPUs": 1}, "1734261325.505782": {"GPUs": 1, "CPUs": 1}, "1734261326.004191": {"GPUs": 1, "CPUs": 2}, "1734261327.502015": {"GPUs": 1, "CPUs": 1}, "1734261328.001982": {"GPUs": 1, "CPUs": 1}, "1734261328.50128": {"GPUs": 1, "CPUs": 4}, "1734261329.001509": {"GPUs": 1, "CPUs": 4}, "1734261329.501899": {"GPUs": 1, "CPUs": 3}, "1734261330.003067": {"GPUs": 1, "CPUs": 6}, "1734261330.502647": {"GPUs": 1, "CPUs": 1}, "1734261331.005785": {"GPUs": 1, "CPUs": 2}, "1734261331.505785": {"GPUs": 1, "CPUs": 7}, "1734261332.001786": {"GPUs": 1, "CPUs": 4}, "1734261332.50162": {"GPUs": 1, "CPUs": 3}, "1734261333.00156": {"GPUs": 1, "CPUs": 3}, "1734261333.501692": {"GPUs": 1, "CPUs": 3}, "1734261334.001777": {"GPUs": 1, "CPUs": 6}, "1734261334.502228": {"GPUs": 1, "CPUs": 4}, "1734261335.001822": {"GPUs": 1, "CPUs": 4}, "1734261335.501715": {"GPUs": 1, "CPUs": 3}, "1734261336.001357": {"GPUs": 1, "CPUs": 3}, "1734261336.501784": {"GPUs": 1, "CPUs": 4}, "1734261337.001474": {"GPUs": 1, "CPUs": 2}, "1734261337.501818": {"GPUs": 1, "CPUs": 8}, "1734261338.00168": {"GPUs": 1, "CPUs": 1}, "1734261338.501342": {"GPUs": 1, "CPUs": 7}, "1734261339.001831": {"GPUs": 1, "CPUs": 1}, "1734261339.501956": {"GPUs": 1, "CPUs": 1}, "1734261340.502091": {"GPUs": 1, "CPUs": 4}, "1734261341.002059": {"GPUs": 1, "CPUs": 5}, "1734261341.505788": {"GPUs": 1, "CPUs": 5}, "1734261342.001622": {"GPUs": 1, "CPUs": 5}, "1734261342.501903": {"GPUs": 1, "CPUs": 6}, "1734261343.002307": {"GPUs": 1, "CPUs": 5}, "1734261343.50179": {"GPUs": 1, "CPUs": 3}, "1734261344.002098": {"GPUs": 1, "CPUs": 3}, "1734261344.502206": {"GPUs": 1, "CPUs": 5}, "1734261345.002243": {"GPUs": 1, "CPUs": 4}, "1734261345.50205": {"GPUs": 1, "CPUs": 6}, "1734261346.001816": {"GPUs": 1, "CPUs": 5}, "1734261346.502584": {"GPUs": 1, "CPUs": 4}, "1734261347.00139": {"GPUs": 1, "CPUs": 5}, "1734261347.501961": {"GPUs": 1, "CPUs": 3}, "1734261348.001728": {"GPUs": 1, "CPUs": 5}, "1734261348.501362": {"GPUs": 1, "CPUs": 4}, "1734261349.002033": {"GPUs": 1, "CPUs": 5}, "1734261349.501292": {"GPUs": 1, "CPUs": 5}, "1734261350.001822": {"GPUs": 1, "CPUs": 4}, "1734261350.501802": {"GPUs": 1, "CPUs": 5}, "1734261351.002355": {"GPUs": 1, "CPUs": 4}, "1734261351.502796": {"GPUs": 1, "CPUs": 3}, "1734261352.001549": {"GPUs": 1, "CPUs": 3}, "1734261361.001798": {"GPUs": 1, "CPUs": 1}, "1734261371.002072": {"GPUs": 1, "CPUs": 1}, "1734261422.501498": {"GPUs": 1, "CPUs": 1}, "1734261438.501988": {"GPUs": 1, "CPUs": 1}, "1734261440.502076": {"GPUs": 1, "CPUs": 1}, "1734261441.002288": {"GPUs": 1, "CPUs": 1}, "1734261444.001971": {"GPUs": 1, "CPUs": 1}, "1734261468.001482": {"GPUs": 1, "CPUs": 1}, "1734261470.501907": {"GPUs": 1, "CPUs": 1}, "1734261474.501365": {"GPUs": 1, "CPUs": 1}, "1734261475.50192": {"GPUs": 1, "CPUs": 1}}}, "Datapoints": 3597, "RuleParameters": "threshold:50\ncpu_threshold:90\ngpu_threshold:10\npatience:1000"}